{
  "formatVersion": 1,
  "database": {
    "version": 1,
    "identityHash": "c9d7124c0a35d3cf697d16bab2e6f16c",
    "entities": [
      {
        "tableName": "routines",
        "createSql": "CREATE TABLE IF NOT EXISTS `${TABLE_NAME}` (`id` INTEGER PRIMARY KEY AUTOINCREMENT NOT NULL, `title` TEXT NOT NULL, `type` TEXT NOT NULL, `time` INTEGER, `location` TEXT, `calendarEventId` TEXT, `isCompleted` INTEGER NOT NULL, `recurrence` TEXT, `soundProfile` TEXT)",
        "fields": [
          {
            "fieldPath": "id",
            "columnName": "id",
            "affinity": "INTEGER",
            "notNull": true
          },
          {
            "fieldPath": "title",
            "columnName": "title",
            "affinity": "TEXT",
            "notNull": true
          },
          {
            "fieldPath": "type",
            "columnName": "type",
            "affinity": "TEXT",
            "notNull": true
          },
          {
            "fieldPath": "time",
            "columnName": "time",
            "affinity": "INTEGER"
          },
          {
            "fieldPath": "location",
            "columnName": "location",
            "affinity": "TEXT"
          },
          {
            "fieldPath": "calendarEventId",
            "columnName": "calendarEventId",
            "affinity": "TEXT"
          },
          {
            "fieldPath": "isCompleted",
            "columnName": "isCompleted",
            "affinity": "INTEGER",
            "notNull": true
          },
          {
            "fieldPath": "recurrence",
            "columnName": "recurrence",
            "affinity": "TEXT"
          },
          {
            "fieldPath": "soundProfile",
            "columnName": "soundProfile",
            "affinity": "TEXT"
          }
        ],
        "primaryKey": {
          "autoGenerate": true,
          "columnNames": [
            "id"
          ]
        }
      }
    ],
    "setupQueries": [
      "CREATE TABLE IF NOT EXISTS room_master_table (id INTEGER PRIMARY KEY,identity_hash TEXT)",
      "INSERT OR REPLACE INTO room_master_table (id,identity_hash) VALUES(42, 'c9d7124c0a35d3cf697d16bab2e6f16c')"
    ]
  }
}